userid,age,gender,interests
user_0,31,Male,Tech
user_1,28,Female,Music
user_2,19,Other,Sports
user_3,46,Other,Music
user_4,21,Female,Fashion
user_5,59,Other,Music
user_6,40,Other,Gaming
user_7,33,Female,Fashion
user_8,47,Other,Music
user_9,49,Other,Fashion
user_10,51,Female,Sports
user_11,31,Female,Gaming
user_12,46,Male,Sports
user_13,26,Male,Gaming
user_14,37,Other,Music
user_15,29,Female,Fashion
user_16,20,Other,Music
user_17,41,Female,Sports
user_18,43,Male,Music
user_19,59,Male,Gaming
user_20,23,Other,Fashion
user_21,59,Male,Music
user_22,27,Male,Fashion
user_23,39,Female,Fashion
user_24,36,Female,Sports
user_25,18,Female,Gaming
user_26,33,Other,Tech
user_27,21,Other,Fashion
user_28,34,Other,Tech
user_29,18,Other,Music
user_30,51,Female,Tech
user_31,59,Other,Sports
user_32,46,Female,Fashion
user_33,46,Male,Sports
user_34,52,Other,Fashion
user_35,51,Female,Tech
user_36,52,Female,Gaming
user_37,31,Female,Tech
user_38,32,Female,Gaming
user_39,23,Male,Gaming
user_40,51,Male,Tech
user_41,57,Female,Tech
user_42,37,Female,Tech
user_43,38,Other,Tech
user_44,20,Female,Gaming
user_45,22,Female,Music
user_46,32,Female,Gaming
user_47,58,Male,Tech
user_48,49,Male,Gaming
user_49,27,Female,Fashion
user_50,58,Female,Sports
user_51,20,Female,Sports
user_52,56,Female,Sports
user_53,47,Other,Tech
user_54,25,Male,Music
user_55,36,Male,Tech
user_56,53,Male,Music
user_57,26,Other,Tech
user_58,48,Female,Gaming
user_59,44,Female,Sports
user_60,29,Other,Music
user_61,28,Other,Gaming
user_62,27,Female,Tech
user_63,18,Female,Tech
user_64,55,Female,Fashion
user_65,46,Other,Gaming
user_66,54,Male,Music
user_67,56,Other,Gaming
user_68,20,Female,Gaming
user_69,18,Female,Tech
user_70,39,Other,Tech
user_71,42,Female,Music
user_72,59,Female,Gaming
user_73,36,Female,Sports
user_74,50,Male,Sports
user_75,21,Male,Fashion
user_76,20,Male,Fashion
user_77,52,Female,Fashion
user_78,46,Other,Music
user_79,44,Other,Sports
user_80,18,Male,Fashion
user_81,28,Other,Sports
user_82,36,Other,Music
user_83,23,Female,Sports
user_84,57,Female,Tech
user_85,36,Female,Gaming
user_86,41,Male,Tech
user_87,54,Other,Sports
user_88,40,Female,Music
user_89,58,Female,Music
user_90,25,Female,Music
user_91,50,Female,Sports
user_92,19,Male,Tech
user_93,47,Male,Fashion
user_94,20,Male,Tech
user_95,34,Female,Sports
user_96,46,Female,Sports
user_97,42,Female,Tech
user_98,49,Female,Tech
user_99,48,Other,Music
user_100,34,Male,Sports
user_101,52,Other,Tech
user_102,51,Male,Tech
user_103,56,Other,Music
user_104,56,Other,Gaming
user_105,38,Female,Sports
user_106,49,Female,Tech
user_107,22,Other,Sports
user_108,24,Other,Music
user_109,20,Other,Sports
user_110,44,Female,Gaming
user_111,36,Female,Fashion
user_112,24,Male,Gaming
user_113,47,Female,Gaming
user_114,21,Male,Tech
user_115,50,Other,Fashion
user_116,55,Other,Sports
user_117,22,Female,Tech
user_118,43,Female,Music
user_119,43,Female,Tech
user_120,55,Other,Gaming
user_121,20,Female,Fashion
user_122,19,Other,Tech
user_123,59,Male,Tech
user_124,55,Other,Sports
user_125,18,Male,Music
user_126,47,Other,Tech
user_127,31,Male,Sports
user_128,53,Female,Sports
user_129,50,Female,Fashion
user_130,20,Female,Tech
user_131,22,Female,Gaming
user_132,25,Female,Sports
user_133,41,Male,Gaming
user_134,32,Other,Fashion
user_135,30,Male,Fashion
user_136,40,Other,Gaming
user_137,20,Female,Gaming
user_138,57,Male,Sports
user_139,38,Other,Sports
user_140,33,Other,Gaming
user_141,29,Male,Fashion
user_142,32,Male,Tech
user_143,18,Female,Tech
user_144,30,Other,Tech
user_145,22,Female,Fashion
user_146,36,Female,Gaming
user_147,47,Male,Music
user_148,45,Other,Tech
user_149,41,Male,Gaming
user_150,34,Male,Tech
user_151,24,Male,Music
user_152,26,Other,Gaming
user_153,37,Male,Music
user_154,23,Other,Music
user_155,45,Male,Sports
user_156,37,Male,Gaming
user_157,20,Female,Fashion
user_158,43,Male,Fashion
user_159,22,Female,Tech
user_160,31,Female,Gaming
user_161,58,Female,Gaming
user_162,38,Female,Music
user_163,25,Female,Sports
user_164,30,Other,Tech
user_165,33,Male,Sports
user_166,21,Other,Sports
user_167,23,Male,Music
user_168,24,Female,Fashion
user_169,24,Female,Fashion
user_170,53,Female,Music
user_171,59,Other,Sports
user_172,43,Female,Sports
user_173,53,Male,Music
user_174,56,Other,Sports
user_175,44,Male,Sports
user_176,54,Other,Tech
user_177,40,Other,Tech
user_178,45,Female,Fashion
user_179,27,Male,Gaming
user_180,27,Male,Gaming
user_181,35,Other,Gaming
user_182,46,Other,Tech
user_183,42,Female,Gaming
user_184,33,Female,Gaming
user_185,20,Female,Gaming
user_186,24,Other,Gaming
user_187,41,Male,Gaming
user_188,28,Other,Gaming
user_189,59,Other,Tech
user_190,57,Female,Music
user_191,21,Male,Sports
user_192,44,Female,Gaming
user_193,59,Other,Sports
user_194,40,Other,Tech
user_195,53,Female,Tech
user_196,37,Male,Fashion
user_197,23,Male,Fashion
user_198,20,Male,Sports
user_199,29,Female,Music
user_200,19,Male,Music
user_201,26,Female,Tech
user_202,41,Other,Music
user_203,35,Other,Gaming
user_204,20,Male,Sports
user_205,32,Male,Gaming
user_206,45,Other,Gaming
user_207,38,Other,Fashion
user_208,45,Male,Fashion
user_209,30,Female,Sports
user_210,25,Female,Music
user_211,20,Male,Tech
user_212,54,Male,Sports
user_213,55,Male,Music
user_214,31,Male,Music
user_215,57,Female,Music
user_216,32,Male,Sports
user_217,54,Female,Sports
user_218,19,Female,Music
user_219,53,Female,Music
user_220,27,Female,Fashion
user_221,29,Male,Tech
user_222,32,Male,Tech
user_223,39,Female,Sports
user_224,40,Male,Gaming
user_225,43,Male,Fashion
user_226,37,Male,Gaming
user_227,48,Female,Fashion
user_228,57,Female,Fashion
user_229,51,Female,Sports
user_230,49,Other,Fashion
user_231,21,Female,Music
user_232,29,Female,Sports
user_233,51,Male,Tech
user_234,21,Male,Gaming
user_235,57,Female,Gaming
user_236,52,Male,Tech
user_237,31,Female,Gaming
user_238,26,Other,Tech
user_239,20,Male,Music
user_240,33,Other,Music
user_241,18,Female,Gaming
user_242,51,Male,Tech
user_243,31,Male,Tech
user_244,54,Female,Gaming
user_245,56,Other,Tech
user_246,53,Other,Music
user_247,52,Other,Fashion
user_248,29,Other,Sports
user_249,45,Male,Music
user_250,39,Male,Gaming
user_251,34,Other,Gaming
user_252,45,Other,Fashion
user_253,33,Female,Music
user_254,57,Female,Gaming
user_255,40,Female,Sports
user_256,28,Male,Sports
user_257,48,Male,Tech
user_258,54,Female,Sports
user_259,19,Other,Tech
user_260,48,Female,Gaming
user_261,23,Female,Sports
user_262,27,Other,Music
user_263,22,Other,Tech
user_264,47,Female,Music
user_265,52,Male,Sports
user_266,49,Female,Fashion
user_267,44,Female,Gaming
user_268,55,Other,Sports
user_269,23,Male,Sports
user_270,52,Female,Music
user_271,54,Other,Gaming
user_272,30,Other,Fashion
user_273,41,Male,Gaming
user_274,22,Female,Music
user_275,24,Male,Sports
user_276,23,Other,Music
user_277,48,Male,Fashion
user_278,50,Other,Gaming
user_279,42,Female,Sports
user_280,43,Female,Sports
user_281,32,Male,Music
user_282,43,Other,Fashion
user_283,36,Female,Sports
user_284,45,Other,Music
user_285,54,Female,Sports
user_286,27,Female,Fashion
user_287,30,Male,Music
user_288,19,Male,Sports
user_289,22,Other,Music
user_290,39,Male,Tech
user_291,26,Male,Tech
user_292,46,Other,Gaming
user_293,45,Female,Music
user_294,49,Male,Tech
user_295,19,Male,Tech
user_296,30,Female,Sports
user_297,36,Male,Gaming
user_298,24,Male,Tech
user_299,24,Other,Music
user_300,40,Female,Tech
user_301,33,Other,Sports
user_302,24,Female,Fashion
user_303,40,Male,Fashion
user_304,36,Female,Fashion
user_305,20,Female,Fashion
user_306,32,Other,Sports
user_307,28,Other,Fashion
user_308,21,Female,Tech
user_309,51,Other,Sports
user_310,35,Other,Music
user_311,19,Other,Sports
user_312,20,Female,Fashion
user_313,29,Female,Gaming
user_314,59,Female,Tech
user_315,26,Female,Fashion
user_316,59,Other,Music
user_317,34,Female,Tech
user_318,34,Female,Sports
user_319,47,Female,Sports
user_320,57,Female,Sports
user_321,49,Female,Fashion
user_322,50,Other,Tech
user_323,57,Other,Tech
user_324,56,Male,Sports
user_325,45,Female,Tech
user_326,24,Female,Gaming
user_327,54,Female,Music
user_328,31,Other,Tech
user_329,44,Other,Gaming
user_330,22,Male,Music
user_331,31,Other,Music
user_332,22,Male,Fashion
user_333,26,Other,Music
user_334,25,Female,Fashion
user_335,22,Female,Music
user_336,45,Female,Gaming
user_337,58,Female,Sports
user_338,43,Female,Fashion
user_339,22,Male,Fashion
user_340,33,Other,Gaming
user_341,56,Male,Sports
user_342,42,Male,Music
user_343,49,Other,Tech
user_344,34,Other,Fashion
user_345,40,Other,Fashion
user_346,40,Female,Gaming
user_347,49,Male,Sports
user_348,41,Male,Gaming
user_349,27,Male,Gaming
user_350,47,Male,Music
user_351,47,Female,Music
user_352,53,Male,Fashion
user_353,56,Male,Music
user_354,18,Female,Gaming
user_355,49,Other,Music
user_356,24,Other,Tech
user_357,27,Male,Tech
user_358,44,Other,Fashion
user_359,27,Male,Gaming
user_360,50,Male,Gaming
user_361,50,Male,Music
user_362,40,Male,Fashion
user_363,26,Female,Music
user_364,22,Other,Fashion
user_365,54,Other,Music
user_366,28,Male,Tech
user_367,34,Female,Fashion
user_368,21,Female,Fashion
user_369,42,Female,Music
user_370,49,Other,Fashion
user_371,30,Male,Gaming
user_372,40,Male,Music
user_373,23,Other,Music
user_374,28,Other,Sports
user_375,24,Male,Gaming
user_376,31,Female,Gaming
user_377,51,Other,Gaming
user_378,52,Female,Gaming
user_379,56,Male,Gaming
user_380,41,Male,Fashion
user_381,28,Male,Music
user_382,52,Male,Tech
user_383,19,Female,Fashion
user_384,36,Male,Gaming
user_385,35,Male,Tech
user_386,52,Male,Fashion
user_387,51,Other,Gaming
user_388,53,Male,Sports
user_389,30,Female,Tech
user_390,57,Other,Tech
user_391,55,Other,Tech
user_392,43,Other,Gaming
user_393,23,Other,Tech
user_394,27,Female,Tech
user_395,42,Male,Sports
user_396,36,Male,Sports
user_397,50,Other,Music
user_398,41,Female,Fashion
user_399,34,Male,Fashion
user_400,51,Other,Fashion
user_401,54,Other,Music
user_402,30,Other,Tech
user_403,32,Female,Fashion
user_404,27,Other,Fashion
user_405,30,Other,Music
user_406,48,Other,Sports
user_407,45,Male,Music
user_408,39,Other,Sports
user_409,28,Female,Sports
user_410,58,Female,Tech
user_411,37,Male,Gaming
user_412,46,Male,Music
user_413,59,Other,Fashion
user_414,20,Female,Music
user_415,55,Other,Gaming
user_416,37,Female,Fashion
user_417,57,Other,Sports
user_418,54,Female,Fashion
user_419,29,Other,Tech
user_420,35,Other,Music
user_421,31,Other,Gaming
user_422,27,Male,Music
user_423,33,Male,Tech
user_424,32,Female,Gaming
user_425,34,Other,Fashion
user_426,42,Male,Gaming
user_427,33,Other,Fashion
user_428,59,Female,Gaming
user_429,25,Other,Gaming
user_430,43,Female,Tech
user_431,25,Male,Tech
user_432,55,Female,Music
user_433,50,Other,Sports
user_434,25,Male,Sports
user_435,31,Other,Gaming
user_436,32,Male,Sports
user_437,27,Male,Sports
user_438,55,Male,Fashion
user_439,32,Female,Tech
user_440,42,Other,Tech
user_441,31,Male,Gaming
user_442,30,Other,Fashion
user_443,37,Other,Fashion
user_444,19,Other,Music
user_445,38,Other,Music
user_446,35,Female,Sports
user_447,37,Female,Tech
user_448,47,Other,Fashion
user_449,22,Male,Tech
user_450,42,Female,Tech
user_451,23,Male,Gaming
user_452,50,Female,Gaming
user_453,59,Female,Fashion
user_454,48,Other,Music
user_455,37,Other,Music
user_456,56,Other,Sports
user_457,58,Other,Music
user_458,26,Female,Fashion
user_459,50,Male,Sports
user_460,58,Female,Fashion
user_461,54,Male,Music
user_462,59,Female,Gaming
user_463,32,Other,Fashion
user_464,25,Female,Sports
user_465,22,Female,Music
user_466,23,Female,Fashion
user_467,58,Other,Gaming
user_468,20,Male,Tech
user_469,24,Other,Fashion
user_470,36,Female,Music
user_471,39,Female,Gaming
user_472,39,Male,Music
user_473,57,Other,Gaming
user_474,28,Female,Music
user_475,39,Other,Sports
user_476,56,Female,Music
user_477,59,Other,Gaming
user_478,28,Male,Gaming
user_479,32,Other,Tech
user_480,47,Male,Gaming
user_481,36,Other,Fashion
user_482,50,Other,Tech
user_483,38,Other,Gaming
user_484,25,Other,Music
user_485,42,Female,Music
user_486,56,Male,Gaming
user_487,59,Male,Gaming
user_488,23,Other,Gaming
user_489,48,Female,Fashion
user_490,18,Male,Sports
user_491,35,Other,Sports
user_492,19,Male,Tech
user_493,44,Other,Sports
user_494,23,Female,Fashion
user_495,40,Female,Sports
user_496,55,Male,Sports
user_497,40,Male,Tech
user_498,53,Female,Fashion
user_499,29,Female,Fashion
user_500,46,Other,Fashion
user_501,35,Female,Tech
user_502,18,Other,Sports
user_503,37,Other,Tech
user_504,32,Female,Gaming
user_505,41,Other,Music
user_506,21,Female,Music
user_507,41,Male,Fashion
user_508,59,Female,Tech
user_509,26,Other,Sports
user_510,32,Male,Sports
user_511,31,Other,Music
user_512,25,Male,Music
user_513,24,Male,Fashion
user_514,23,Female,Tech
user_515,22,Other,Tech
user_516,19,Female,Sports
user_517,48,Other,Gaming
user_518,44,Female,Fashion
user_519,41,Other,Tech
user_520,31,Male,Gaming
user_521,26,Female,Music
user_522,44,Other,Gaming
user_523,39,Other,Gaming
user_524,59,Female,Music
user_525,40,Male,Gaming
user_526,47,Female,Gaming
user_527,47,Male,Fashion
user_528,57,Male,Tech
user_529,44,Male,Tech
user_530,41,Other,Tech
user_531,51,Other,Sports
user_532,28,Other,Sports
user_533,47,Male,Music
user_534,46,Female,Gaming
user_535,58,Other,Gaming
user_536,32,Male,Gaming
user_537,31,Male,Fashion
user_538,27,Female,Sports
user_539,38,Other,Tech
user_540,41,Female,Fashion
user_541,49,Other,Gaming
user_542,25,Female,Sports
user_543,47,Female,Fashion
user_544,43,Other,Gaming
user_545,51,Female,Tech
user_546,50,Other,Tech
user_547,37,Other,Fashion
user_548,26,Other,Sports
user_549,40,Female,Fashion
user_550,43,Male,Music
user_551,48,Male,Gaming
user_552,58,Other,Music
user_553,18,Male,Sports
user_554,20,Other,Sports
user_555,37,Other,Fashion
user_556,19,Other,Tech
user_557,47,Female,Tech
user_558,40,Male,Sports
user_559,30,Male,Gaming
user_560,48,Male,Fashion
user_561,51,Male,Fashion
user_562,57,Other,Music
user_563,33,Other,Fashion
user_564,59,Female,Fashion
user_565,33,Female,Gaming
user_566,25,Female,Music
user_567,33,Female,Sports
user_568,35,Other,Sports
user_569,49,Other,Tech
user_570,31,Female,Gaming
user_571,25,Female,Sports
user_572,52,Other,Gaming
user_573,41,Other,Music
user_574,32,Male,Tech
user_575,58,Male,Gaming
user_576,39,Other,Fashion
user_577,40,Female,Tech
user_578,29,Other,Tech
user_579,46,Male,Music
user_580,37,Male,Tech
user_581,29,Female,Gaming
user_582,20,Male,Tech
user_583,37,Male,Gaming
user_584,56,Male,Fashion
user_585,55,Male,Gaming
user_586,54,Other,Fashion
user_587,26,Male,Tech
user_588,22,Male,Gaming
user_589,33,Other,Fashion
user_590,28,Male,Fashion
user_591,26,Female,Sports
user_592,37,Male,Music
user_593,49,Female,Fashion
user_594,57,Other,Tech
user_595,34,Male,Music
user_596,33,Female,Fashion
user_597,44,Female,Tech
user_598,56,Male,Sports
user_599,32,Other,Music
user_600,27,Female,Music
user_601,57,Male,Sports
user_602,21,Other,Tech
user_603,39,Male,Sports
user_604,47,Female,Gaming
user_605,48,Female,Music
user_606,18,Female,Gaming
user_607,51,Other,Fashion
user_608,46,Male,Music
user_609,54,Other,Gaming
user_610,32,Female,Gaming
user_611,41,Female,Sports
user_612,21,Other,Fashion
user_613,57,Female,Tech
user_614,39,Female,Gaming
user_615,56,Male,Fashion
user_616,31,Female,Fashion
user_617,45,Other,Tech
user_618,26,Other,Fashion
user_619,20,Other,Gaming
user_620,31,Male,Tech
user_621,29,Male,Tech
user_622,28,Female,Fashion
user_623,57,Other,Gaming
user_624,18,Other,Tech
user_625,48,Other,Music
user_626,44,Other,Sports
user_627,42,Female,Tech
user_628,57,Male,Gaming
user_629,26,Male,Sports
user_630,22,Female,Gaming
user_631,54,Male,Music
user_632,29,Other,Gaming
user_633,35,Male,Fashion
user_634,40,Male,Tech
user_635,42,Male,Sports
user_636,54,Female,Gaming
user_637,59,Female,Fashion
user_638,43,Female,Fashion
user_639,25,Other,Tech
user_640,44,Male,Gaming
user_641,44,Other,Fashion
user_642,37,Male,Fashion
user_643,34,Other,Music
user_644,49,Female,Fashion
user_645,57,Female,Sports
user_646,50,Other,Sports
user_647,51,Male,Music
user_648,21,Male,Music
user_649,53,Other,Fashion
user_650,33,Other,Gaming
user_651,34,Male,Tech
user_652,37,Other,Tech
user_653,35,Male,Sports
user_654,19,Male,Sports
user_655,47,Other,Fashion
user_656,34,Male,Sports
user_657,55,Female,Fashion
user_658,28,Other,Tech
user_659,22,Female,Music
user_660,18,Other,Music
user_661,24,Male,Gaming
user_662,30,Male,Sports
user_663,48,Female,Music
user_664,46,Male,Tech
user_665,20,Male,Gaming
user_666,23,Female,Tech
user_667,52,Female,Fashion
user_668,39,Female,Fashion
user_669,26,Male,Fashion
user_670,46,Female,Tech
user_671,51,Male,Music
user_672,59,Other,Music
user_673,18,Other,Music
user_674,40,Male,Sports
user_675,54,Other,Tech
user_676,51,Other,Tech
user_677,41,Other,Music
user_678,59,Male,Sports
user_679,43,Female,Music
user_680,39,Male,Tech
user_681,34,Male,Gaming
user_682,38,Male,Gaming
user_683,56,Male,Sports
user_684,20,Other,Tech
user_685,47,Female,Sports
user_686,31,Male,Music
user_687,46,Other,Fashion
user_688,54,Female,Gaming
user_689,25,Other,Sports
user_690,31,Female,Tech
user_691,50,Male,Tech
user_692,26,Other,Fashion
user_693,20,Female,Gaming
user_694,49,Other,Fashion
user_695,45,Female,Gaming
user_696,30,Female,Tech
user_697,28,Female,Sports
user_698,48,Male,Gaming
user_699,18,Male,Gaming
user_700,25,Female,Gaming
user_701,45,Female,Gaming
user_702,29,Female,Music
user_703,33,Male,Tech
user_704,35,Female,Tech
user_705,59,Male,Gaming
user_706,53,Other,Gaming
user_707,39,Female,Music
user_708,22,Other,Tech
user_709,29,Other,Gaming
user_710,31,Other,Gaming
user_711,40,Male,Tech
user_712,52,Female,Tech
user_713,59,Female,Sports
user_714,41,Male,Fashion
user_715,54,Female,Fashion
user_716,37,Other,Sports
user_717,35,Other,Tech
user_718,30,Male,Gaming
user_719,53,Female,Fashion
user_720,30,Female,Gaming
user_721,26,Other,Gaming
user_722,22,Male,Gaming
user_723,57,Male,Fashion
user_724,26,Other,Fashion
user_725,43,Other,Gaming
user_726,30,Male,Fashion
user_727,55,Other,Music
user_728,23,Female,Gaming
user_729,48,Other,Fashion
user_730,59,Male,Music
user_731,23,Female,Gaming
user_732,50,Male,Gaming
user_733,18,Male,Sports
user_734,24,Female,Sports
user_735,47,Other,Sports
user_736,38,Male,Fashion
user_737,35,Female,Music
user_738,21,Other,Tech
user_739,28,Other,Sports
user_740,56,Other,Music
user_741,33,Other,Gaming
user_742,18,Male,Music
user_743,45,Male,Music
user_744,25,Male,Sports
user_745,55,Other,Sports
user_746,46,Other,Fashion
user_747,46,Other,Music
user_748,24,Other,Music
user_749,23,Male,Tech
user_750,40,Other,Tech
user_751,56,Male,Tech
user_752,21,Female,Gaming
user_753,42,Female,Tech
user_754,47,Other,Sports
user_755,21,Other,Fashion
user_756,27,Male,Sports
user_757,53,Other,Tech
user_758,43,Female,Sports
user_759,57,Male,Tech
user_760,25,Other,Music
user_761,27,Other,Tech
user_762,23,Male,Tech
user_763,57,Female,Tech
user_764,32,Male,Music
user_765,27,Female,Gaming
user_766,37,Other,Fashion
user_767,59,Other,Tech
user_768,50,Male,Sports
user_769,35,Female,Music
user_770,54,Other,Tech
user_771,37,Other,Sports
user_772,59,Female,Fashion
user_773,34,Other,Gaming
user_774,18,Female,Sports
user_775,21,Female,Sports
user_776,28,Female,Tech
user_777,30,Other,Sports
user_778,49,Female,Sports
user_779,27,Female,Sports
user_780,28,Other,Fashion
user_781,19,Other,Fashion
user_782,49,Other,Gaming
user_783,28,Female,Music
user_784,33,Other,Tech
user_785,57,Other,Fashion
user_786,59,Other,Music
user_787,19,Female,Sports
user_788,39,Other,Fashion
user_789,53,Male,Gaming
user_790,59,Male,Fashion
user_791,45,Other,Sports
user_792,23,Other,Tech
user_793,24,Other,Fashion
user_794,25,Female,Music
user_795,35,Other,Sports
user_796,22,Other,Music
user_797,20,Male,Gaming
user_798,27,Male,Fashion
user_799,29,Male,Tech
user_800,58,Female,Music
user_801,58,Female,Music
user_802,18,Male,Gaming
user_803,32,Female,Music
user_804,43,Female,Music
user_805,29,Male,Gaming
user_806,33,Female,Gaming
user_807,45,Male,Fashion
user_808,55,Female,Sports
user_809,34,Female,Gaming
user_810,22,Other,Gaming
user_811,21,Male,Music
user_812,42,Female,Tech
user_813,57,Male,Gaming
user_814,38,Female,Fashion
user_815,24,Female,Music
user_816,55,Male,Tech
user_817,25,Male,Gaming
user_818,47,Other,Music
user_819,39,Male,Gaming
user_820,26,Male,Tech
user_821,26,Other,Gaming
user_822,20,Male,Music
user_823,49,Other,Sports
user_824,21,Female,Music
user_825,53,Female,Sports
user_826,32,Male,Tech
user_827,23,Female,Sports
user_828,29,Other,Tech
user_829,57,Other,Sports
user_830,51,Male,Music
user_831,29,Other,Tech
user_832,38,Male,Music
user_833,54,Other,Fashion
user_834,45,Other,Music
user_835,28,Other,Tech
user_836,25,Female,Fashion
user_837,37,Male,Fashion
user_838,43,Male,Sports
user_839,50,Other,Fashion
user_840,35,Female,Music
user_841,23,Other,Sports
user_842,18,Other,Music
user_843,21,Male,Music
user_844,26,Male,Gaming
user_845,26,Male,Tech
user_846,37,Male,Gaming
user_847,40,Male,Sports
user_848,45,Male,Gaming
user_849,32,Female,Music
user_850,52,Other,Tech
user_851,32,Female,Sports
user_852,48,Female,Gaming
user_853,27,Female,Tech
user_854,43,Female,Tech
user_855,39,Other,Gaming
user_856,45,Male,Gaming
user_857,34,Male,Tech
user_858,32,Female,Music
user_859,53,Other,Music
user_860,51,Female,Music
user_861,51,Female,Music
user_862,27,Male,Tech
user_863,48,Other,Fashion
user_864,43,Female,Music
user_865,30,Male,Music
user_866,24,Male,Fashion
user_867,19,Female,Music
user_868,34,Female,Music
user_869,48,Female,Fashion
user_870,51,Male,Gaming
user_871,53,Female,Fashion
user_872,22,Female,Fashion
user_873,26,Male,Fashion
user_874,36,Female,Music
user_875,30,Other,Tech
user_876,55,Male,Music
user_877,34,Other,Sports
user_878,43,Female,Gaming
user_879,54,Male,Tech
user_880,41,Male,Music
user_881,56,Other,Tech
user_882,44,Other,Music
user_883,49,Other,Music
user_884,29,Female,Sports
user_885,22,Male,Tech
user_886,32,Other,Tech
user_887,24,Female,Gaming
user_888,38,Other,Music
user_889,26,Female,Fashion
user_890,42,Other,Sports
user_891,45,Male,Tech
user_892,50,Male,Sports
user_893,59,Female,Music
user_894,46,Male,Fashion
user_895,46,Male,Sports
user_896,30,Other,Fashion
user_897,43,Female,Gaming
user_898,43,Female,Fashion
user_899,19,Other,Gaming
user_900,26,Other,Gaming
user_901,18,Female,Music
user_902,37,Male,Gaming
user_903,47,Female,Music
user_904,54,Other,Gaming
user_905,44,Other,Music
user_906,56,Male,Gaming
user_907,54,Other,Gaming
user_908,19,Other,Gaming
user_909,52,Other,Tech
user_910,36,Female,Sports
user_911,47,Male,Tech
user_912,30,Female,Music
user_913,27,Female,Fashion
user_914,44,Female,Music
user_915,21,Other,Music
user_916,48,Male,Sports
user_917,19,Other,Tech
user_918,43,Female,Sports
user_919,30,Male,Music
user_920,56,Other,Gaming
user_921,50,Female,Gaming
user_922,32,Other,Sports
user_923,33,Other,Music
user_924,46,Male,Music
user_925,47,Other,Music
user_926,22,Female,Music
user_927,29,Other,Fashion
user_928,43,Female,Sports
user_929,25,Other,Gaming
user_930,54,Other,Tech
user_931,56,Male,Fashion
user_932,57,Other,Gaming
user_933,53,Female,Music
user_934,49,Other,Music
user_935,43,Female,Music
user_936,45,Male,Sports
user_937,49,Other,Gaming
user_938,53,Male,Fashion
user_939,58,Male,Sports
user_940,38,Female,Fashion
user_941,26,Female,Fashion
user_942,57,Other,Fashion
user_943,51,Female,Gaming
user_944,57,Other,Sports
user_945,53,Female,Gaming
user_946,47,Male,Gaming
user_947,32,Male,Fashion
user_948,50,Other,Music
user_949,49,Male,Music
user_950,49,Other,Music
user_951,52,Other,Fashion
user_952,50,Male,Fashion
user_953,52,Female,Tech
user_954,29,Male,Music
user_955,33,Female,Gaming
user_956,53,Male,Tech
user_957,58,Female,Sports
user_958,44,Other,Music
user_959,54,Female,Sports
user_960,19,Male,Tech
user_961,26,Other,Fashion
user_962,48,Other,Sports
user_963,59,Female,Music
user_964,31,Female,Music
user_965,29,Male,Fashion
user_966,35,Other,Music
user_967,29,Female,Music
user_968,34,Male,Gaming
user_969,25,Female,Sports
user_970,32,Other,Tech
user_971,59,Other,Sports
user_972,23,Female,Gaming
user_973,58,Other,Music
user_974,37,Other,Gaming
user_975,41,Female,Tech
user_976,41,Female,Gaming
user_977,20,Other,Gaming
user_978,46,Female,Gaming
user_979,45,Male,Gaming
user_980,59,Other,Gaming
user_981,20,Male,Gaming
user_982,36,Other,Tech
user_983,19,Male,Gaming
user_984,49,Male,Gaming
user_985,50,Female,Fashion
user_986,39,Female,Sports
user_987,41,Female,Gaming
user_988,31,Female,Fashion
user_989,44,Male,Music
user_990,58,Other,Fashion
user_991,58,Male,Tech
user_992,59,Female,Fashion
user_993,32,Male,Tech
user_994,21,Male,Sports
user_995,26,Other,Sports
user_996,44,Other,Gaming
user_997,53,Male,Gaming
user_998,35,Other,Tech
user_999,31,Other,Music
